{"_step":9,"learning_rate":0.0003,"train_loss":143.1983756702032,"_timestamp":1.7700584201959012e+09,"epoch":1,"_runtime":59,"batch_loss":114.41981506347656,"initial_val_loss":159.35432147452843,"val_loss":114.26733727218038,"perturbation_active":0,"train_loss_std":12.961976472245386,"epochs_no_improve":0,"_wandb":{"runtime":59},"best_epoch":0,"batch":23,"best_val_loss":114.26733727218038}