{"_timestamp":1.7700581098218505e+09,"best_val_loss":91.3104272916172,"initial_val_loss":159.35432147452843,"train_loss_std":6.746547734496164,"epoch":2,"epochs_no_improve":0,"batch_loss":88.86327362060547,"learning_rate":0.0003,"_wandb":{"runtime":122},"val_loss":91.3104272916172,"perturbation_active":0,"best_epoch":1,"_runtime":122,"batch":56,"train_loss":99.00302920777382,"_step":17}