epoch,train_loss,test_loss
0,160.29869514951415,119.46845768038081
1,102.28795338469529,93.69327098361696
