{"batch_loss":166.40301513671875,"batch":10,"_runtime":37,"epoch":0,"_timestamp":1.770251834668456e+09,"rsa_behavioral_p":0,"rsa_behavioral_corr":0.4736288777858031,"_wandb":{"runtime":37},"_step":4,"perturbation_active":1,"initial_val_loss":160.29191606216008}