{"_wandb":{"runtime":49},"perturbation_active":0,"batch":20,"_timestamp":1.770058958527785e+09,"train_loss_std":12.961978148444606,"epoch":0,"batch_loss":122.71417999267578,"_runtime":49,"train_loss":143.19837736092776,"_step":5,"initial_val_loss":159.35432147452843}