{"rsa_behavioral_corr":0.4845554471480318,"best_val_loss":114.26733727218038,"_step":15,"val_loss":91.31042864046044,"perturbation_active":0,"_runtime":113,"epoch":1,"epochs_no_improve":0,"train_loss":99.0030288696289,"_wandb":{"runtime":113},"batch":43,"batch_loss":93.1513671875,"train_loss_std":6.746547296011178,"learning_rate":0.0003,"rsa_behavioral_p":0,"best_epoch":0,"initial_val_loss":159.35432147452843,"_timestamp":1.7700710821328151e+09}