{"_wandb":{"runtime":22},"_runtime":22,"initial_val_loss":159.35432147452843,"epoch":0,"_step":2,"perturbation_active":0,"batch_loss":154.62600708007812,"batch":0,"_timestamp":1.770070704736991e+09}